Fold 1,Fold 2,Fold 3,Fold 4,Fold 5,Fold 6,Fold 7,Fold 8,Fold 9,Fold 10
0.4743640912719839,0.46852699091420513,0.46716086266690093,0.46795974446827593,0.4750011780105866,0.47008229539398144,0.47458441847102645,0.4682410571402154,0.47282902293468315,0.47364612491155017
0.38696607027978086,0.37933355953267367,0.3813486094341231,0.3801328715259146,0.3848335104260158,0.382021324780702,0.38650293895136983,0.38189246925818543,0.38161539327385374,0.3846300672435289
0.2250212910882951,0.21951754121511965,0.21823927160768306,0.2189863224428141,0.225626119111445,0.22097736444287444,0.22523037025548237,0.21924968759178648,0.22356728492936712,0.2243406516437278
